as_of_utc,asset_id,asset_type,name,nameplate_mw,voltage_kv,region_id,substation_id,feeder_id,lat,lon,install_year,last_maintenance,next_maintenance,status,oem
2026-09-22T15:54:33.865933+00:00,GEN-001,wind_turbine,WIND Unit 1,2.64,34.5,REG-COASTAL,SUB-01,FDR-001,45.47119,-124.01928,2022,2027-03-15,2025-11-01,running,GE Renewables
2026-09-22T15:54:33.865933+00:00,GEN-002,wind_turbine,WIND Unit 2,3.56,34.5,REG-COASTAL,SUB-01,FDR-001,45.55124,-123.99128,2018,2020-05-15,2025-11-01,running,GE Renewables
2026-09-22T15:54:33.865933+00:00,GEN-003,wind_turbine,WIND Unit 3,4.49,34.5,REG-COASTAL,SUB-01,FDR-002,45.54831,-124.02166,2016,2018-04-15,2025-11-01,running,Vestas
2026-09-22T15:54:33.865933+00:00,GEN-004,wind_turbine,WIND Unit 4,3.18,34.5,REG-COASTAL,SUB-01,FDR-003,45.48136,-124.04479,2023,2024-01-15,2025-11-01,running,Vestas
2026-09-22T15:54:33.865933+00:00,GEN-005,wind_turbine,WIND Unit 5,2.63,34.5,REG-COASTAL,SUB-01,FDR-002,45.46544,-124.04301,2006,2010-04-15,2025-11-01,running,Siemens Gamesa
2026-09-22T15:54:33.865933+00:00,GEN-006,wind_turbine,WIND Unit 6,2.76,34.5,REG-COASTAL,SUB-01,FDR-003,45.50562,-123.98835,2023,2027-04-15,2025-11-01,running,Vestas
2026-09-22T15:54:33.865933+00:00,GEN-007,wind_turbine,WIND Unit 7,3.32,34.5,REG-COASTAL,SUB-01,FDR-003,47.58769,-124.16022,2006,2007-07-15,2025-11-01,running,Siemens Gamesa
2026-09-22T15:54:33.865933+00:00,GEN-008,wind_turbine,WIND Unit 8,3.18,34.5,REG-COASTAL,SUB-01,FDR-001,47.5415,-124.17121,2008,2010-07-15,2025-11-01,running,Vestas
2026-09-22T15:54:33.865933+00:00,GEN-009,wind_turbine,WIND Unit 9,3.06,34.5,REG-COASTAL,SUB-01,FDR-001,47.56665,-124.13871,2012,2017-02-15,2025-11-01,running,Vestas
2026-09-22T15:54:33.865933+00:00,GEN-010,wind_turbine,WIND Unit 10,3.8,34.5,REG-COASTAL,SUB-01,FDR-001,47.61924,-124.1322,2022,2024-03-15,2025-11-01,running,GE Renewables
2026-09-22T15:54:33.865933+00:00,GEN-011,wind_turbine,WIND Unit 11,3.47,34.5,REG-COASTAL,SUB-01,FDR-002,47.61258,-124.20838,2011,2012-07-15,2025-11-01,running,GE Renewables
2026-09-22T15:54:33.865933+00:00,GEN-012,wind_turbine,WIND Unit 12,4.35,34.5,REG-COASTAL,SUB-01,FDR-002,47.56464,-124.12911,2019,2024-08-15,2025-11-01,running,Vestas
2026-09-22T15:54:33.865933+00:00,GEN-013,wind_turbine,WIND Unit 13,3.66,34.5,REG-COASTAL,SUB-02,FDR-004,46.29295,-123.48183,2022,2027-08-15,2025-11-01,running,Siemens Gamesa
2026-09-22T15:54:33.865933+00:00,GEN-014,wind_turbine,WIND Unit 14,4.34,34.5,REG-COASTAL,SUB-02,FDR-004,46.22384,-123.43677,2021,2023-02-15,2025-11-01,running,Siemens Gamesa
2026-09-22T15:54:33.865933+00:00,GEN-015,wind_turbine,WIND Unit 15,2.64,34.5,REG-COASTAL,SUB-02,FDR-005,46.23014,-123.39852,2012,2014-01-15,2025-11-01,running,Siemens Gamesa
2026-09-22T15:54:33.865933+00:00,GEN-016,wind_turbine,WIND Unit 16,2.66,34.5,REG-COASTAL,SUB-02,FDR-006,46.27043,-123.39408,2023,2025-06-15,2025-11-01,running,Vestas
2026-09-22T15:54:33.865933+00:00,GEN-017,wind_turbine,WIND Unit 17,3.03,34.5,REG-COASTAL,SUB-02,FDR-006,46.2827,-123.44183,2009,2010-01-15,2025-11-01,running,GE Renewables
2026-09-22T15:54:33.865933+00:00,GEN-018,wind_turbine,WIND Unit 18,3.74,34.5,REG-COASTAL,SUB-02,FDR-004,46.22548,-123.46623,2023,2026-03-15,2025-11-01,running,GE Renewables
2026-09-22T15:54:33.865933+00:00,GEN-019,solar_farm,SOLAR Unit 19,16.58,34.5,REG-COASTAL,SUB-02,FDR-006,48.34562,-124.10818,2022,2027-01-15,2025-11-01,running,GE Renewables
2026-09-22T15:54:33.865933+00:00,GEN-020,solar_farm,SOLAR Unit 20,17.64,34.5,REG-INLAND,SUB-11,FDR-033,45.57823,-121.16902,2008,2013-04-15,2025-11-01,running,GE Renewables
2026-09-22T15:54:33.865933+00:00,GEN-021,solar_farm,SOLAR Unit 21,20.05,34.5,REG-COASTAL,SUB-04,FDR-010,47.63422,-123.58414,2013,2016-01-15,2025-11-01,running,First Solar
2026-09-22T15:54:33.865933+00:00,GEN-022,solar_farm,SOLAR Unit 22,17.62,34.5,REG-METRO,SUB-06,FDR-018,47.9966,-122.62937,2019,2020-02-15,2025-11-01,running,First Solar
2026-09-22T15:54:33.865933+00:00,GEN-023,solar_farm,SOLAR Unit 23,20.53,34.5,REG-INLAND,SUB-09,FDR-025,45.28388,-121.77047,2018,2019-06-15,2025-11-01,running,First Solar
2026-09-22T15:54:33.865933+00:00,GEN-024,solar_farm,SOLAR Unit 24,22.8,34.5,REG-INLAND,SUB-11,FDR-033,46.12326,-122.03407,2018,2020-03-15,2025-11-01,running,First Solar
2026-09-22T15:54:33.865933+00:00,GEN-025,solar_farm,SOLAR Unit 25,18.32,34.5,REG-METRO,SUB-07,FDR-021,45.32564,-122.48505,2018,2021-03-15,2025-11-01,running,First Solar
2026-09-22T15:54:33.865933+00:00,GEN-026,solar_farm,SOLAR Unit 26,17.22,34.5,REG-METRO,SUB-07,FDR-020,48.32032,-122.34016,2019,2021-04-15,2025-11-01,running,First Solar
2026-09-22T15:54:33.865933+00:00,GEN-027,gas_peaker,GASPK Unit 27,82.78,115.0,REG-METRO,SUB-06,FDR-017,46.64863,-123.07571,2013,2018-06-15,2025-11-01,running,GE Renewables
2026-09-22T15:54:33.865933+00:00,GEN-028,gas_peaker,GASPK Unit 28,103.22,115.0,REG-METRO,SUB-05,FDR-013,48.31818,-123.09308,2013,2016-07-15,2025-11-01,running,GE Renewables
2026-09-22T15:54:33.865933+00:00,GEN-029,gas_peaker,GASPK Unit 29,81.78,115.0,REG-METRO,SUB-08,FDR-022,48.44021,-123.14126,2018,2020-06-15,2025-11-01,running,Siemens Gamesa
2026-09-22T15:54:33.865933+00:00,GEN-030,gas_peaker,GASPK Unit 30,104.93,115.0,REG-METRO,SUB-05,FDR-015,48.65595,-122.29436,2008,2012-06-15,2025-11-01,running,Siemens Gamesa
2026-09-22T15:54:33.865933+00:00,GEN-031,gas_peaker,GASPK Unit 31,106.6,115.0,REG-METRO,SUB-07,FDR-021,47.22069,-123.20239,2017,2022-05-15,2025-11-01,running,Siemens Gamesa
2026-09-22T15:54:33.865933+00:00,GEN-032,gas_peaker,GASPK Unit 32,111.43,115.0,REG-METRO,SUB-05,FDR-014,46.28813,-123.13022,2015,2020-08-15,2025-11-01,running,GE Renewables
2026-09-22T15:54:33.865933+00:00,GEN-033,hydro,HYDRO Unit 33,63.58,115.0,REG-INLAND,SUB-09,FDR-025,46.23891,-121.43092,2007,2009-03-15,2025-11-01,running,Andritz Hydro
2026-09-22T15:54:33.865933+00:00,GEN-034,hydro,HYDRO Unit 34,70.49,115.0,REG-INLAND,SUB-09,FDR-026,46.07287,-121.61686,2007,2009-07-15,2025-11-01,running,Andritz Hydro
2026-09-22T15:54:33.865933+00:00,GEN-035,hydro,HYDRO Unit 35,45.17,115.0,REG-INLAND,SUB-12,FDR-035,46.05022,-121.38232,2008,2013-08-15,2025-11-01,running,Andritz Hydro
2026-09-22T15:54:33.865933+00:00,GEN-036,hydro,HYDRO Unit 36,49.0,115.0,REG-INLAND,SUB-10,FDR-030,48.506,-122.04848,2019,2022-08-15,2025-11-01,running,Andritz Hydro
2026-09-22T15:54:33.865933+00:00,GEN-037,bess,BESS Unit 37,49.49,115.0,REG-METRO,SUB-05,FDR-013,48.46394,-122.52988,2013,2018-08-15,2025-11-01,running,Tesla Energy
2026-09-22T15:54:33.865933+00:00,GEN-038,bess,BESS Unit 38,44.69,115.0,REG-METRO,SUB-05,FDR-014,46.82284,-122.58569,2015,2017-04-15,2025-11-01,running,Wartsila
2026-09-22T15:54:33.865933+00:00,GEN-039,biomass,BIOM Unit 39,14.45,115.0,REG-INLAND,SUB-10,FDR-029,47.73469,-122.15225,2022,2026-07-15,2025-11-01,running,Wartsila
2026-09-22T15:54:33.865933+00:00,GEN-040,biomass,BIOM Unit 40,13.79,115.0,REG-INLAND,SUB-12,FDR-035,46.92095,-121.04525,2017,2022-04-15,2025-11-01,running,Wartsila
